product_id,movement_date,change_qty,balance_after
PROD00001,2020-06-07,41,998
PROD00001,2023-08-15,-32,966
PROD00002,2021-04-16,45,286
PROD00002,2020-10-09,109,395
PROD00002,2022-10-20,199,594
PROD00002,2021-01-19,127,721
PROD00003,2020-03-31,113,734
PROD00003,2021-03-08,-49,685
PROD00003,2021-09-10,-7,678
PROD00003,2022-06-10,181,859
PROD00003,2020-07-09,115,974
PROD00004,2021-11-26,-27,86
PROD00005,2022-02-25,64,882
PROD00006,2023-09-01,76,377
PROD00006,2021-01-03,160,537
PROD00006,2022-05-21,-29,508
PROD00007,2020-11-04,194,469
PROD00008,2021-08-06,75,170
PROD00008,2021-09-29,152,322
PROD00008,2022-03-03,164,486
PROD00008,2023-10-14,65,551
PROD00009,2024-08-08,191,484
PROD00009,2022-09-11,-45,439
PROD00010,2020-03-12,-42,658
PROD00010,2021-06-18,169,827
PROD00010,2022-05-13,107,934
PROD00011,2021-01-02,187,546
PROD00011,2020-11-30,63,609
PROD00012,2022-03-26,33,320
PROD00012,2023-10-29,186,506
PROD00012,2022-11-25,113,619
PROD00012,2020-08-05,64,683
PROD00012,2022-08-10,0,683
PROD00013,2024-07-09,193,346
PROD00013,2020-06-18,-33,313
PROD00014,2021-12-10,16,585
PROD00014,2023-11-06,168,753
PROD00014,2024-02-09,-26,727
PROD00015,2020-07-26,121,543
PROD00015,2023-09-05,-30,513
PROD00015,2022-04-08,-9,504
PROD00015,2024-07-03,60,564
PROD00016,2024-07-10,186,1101
PROD00016,2020-01-26,101,1202
PROD00016,2020-11-25,-38,1164
PROD00016,2021-10-15,68,1232
PROD00017,2020-09-20,24,873
PROD00017,2023-03-22,127,1000
PROD00017,2022-11-04,-31,969
PROD00017,2022-02-25,195,1164
PROD00018,2023-11-06,-19,30
PROD00018,2022-07-20,64,94
PROD00018,2020-01-24,100,194
PROD00018,2022-09-22,12,206
PROD00018,2023-09-01,117,323
PROD00019,2023-10-04,28,234
PROD00019,2022-04-02,155,389
PROD00019,2022-05-15,63,452
PROD00020,2024-04-28,90,653
PROD00020,2020-04-21,-43,610
PROD00020,2021-09-12,187,797
PROD00021,2022-05-20,-20,833
PROD00021,2021-06-13,79,912
PROD00021,2024-02-28,107,1019
PROD00021,2023-07-22,49,1068
PROD00022,2020-08-25,61,943
PROD00022,2023-05-21,160,1103
PROD00022,2024-07-10,187,1290
PROD00023,2024-07-01,96,757
PROD00023,2022-07-11,164,921
PROD00023,2022-10-25,2,923
PROD00023,2022-02-02,57,980
PROD00024,2024-05-18,40,604
PROD00024,2022-08-27,119,723
PROD00024,2023-12-29,186,909
PROD00024,2021-11-17,-21,888
PROD00024,2022-12-31,184,1072
PROD00025,2022-01-17,144,356
PROD00026,2020-08-16,118,183
PROD00026,2024-05-27,69,252
PROD00026,2021-01-01,140,392
PROD00026,2022-05-18,175,567
PROD00026,2022-12-24,27,594
PROD00027,2024-04-04,77,308
PROD00028,2022-02-24,189,1073
PROD00028,2023-10-13,128,1201
PROD00028,2020-06-12,146,1347
PROD00029,2020-11-03,-20,790
PROD00029,2020-01-15,138,928
PROD00029,2021-11-21,23,951
PROD00029,2023-12-20,187,1138
PROD00030,2023-04-23,156,1005
PROD00030,2021-06-12,44,1049
PROD00030,2021-02-08,140,1189
PROD00030,2022-11-20,117,1306
PROD00030,2024-07-22,195,1501
PROD00031,2023-06-12,134,796
PROD00031,2024-01-30,-23,773
PROD00031,2022-07-20,169,942
PROD00032,2022-06-09,-32,684
PROD00032,2020-04-09,162,846
PROD00032,2022-08-09,16,862
PROD00032,2021-07-30,81,943
PROD00033,2020-03-22,-5,314
PROD00034,2020-09-05,42,808
PROD00034,2022-09-29,199,1007
PROD00034,2022-07-31,199,1206
PROD00035,2022-01-21,48,184
PROD00035,2020-04-12,119,303
PROD00036,2023-05-12,0,880
PROD00036,2023-11-06,157,1037
PROD00036,2022-01-26,179,1216
PROD00037,2021-05-31,142,788
PROD00037,2022-05-21,-35,753
PROD00038,2021-11-22,153,1089
PROD00038,2023-10-14,73,1162
PROD00038,2021-08-29,-46,1116
PROD00039,2024-04-19,-25,540
PROD00039,2024-08-04,133,673
PROD00039,2020-02-18,98,771
PROD00040,2023-01-16,126,190
PROD00040,2021-07-01,86,276
PROD00040,2021-01-01,38,314
PROD00040,2021-08-23,192,506
PROD00040,2021-12-31,-20,486
PROD00041,2022-05-04,12,525
PROD00041,2020-02-05,80,605
PROD00041,2022-07-03,-26,579
PROD00041,2021-10-26,115,694
PROD00041,2021-09-01,166,860
PROD00042,2023-07-26,150,281
PROD00042,2020-03-13,-20,261
PROD00042,2023-05-05,100,361
PROD00042,2020-08-16,150,511
PROD00043,2022-01-01,-32,301
PROD00043,2024-02-07,15,316
PROD00043,2020-03-15,11,327
PROD00043,2022-12-24,176,503
PROD00044,2024-02-21,43,74
PROD00045,2022-03-22,138,1005
PROD00045,2021-05-24,45,1050
PROD00045,2020-12-24,-30,1020
PROD00046,2020-06-21,100,997
PROD00046,2022-12-31,101,1098
PROD00046,2020-07-12,175,1273
PROD00047,2020-09-15,58,929
PROD00047,2024-01-28,-34,895
PROD00047,2020-10-23,38,933
PROD00047,2023-07-20,15,948
PROD00047,2022-10-07,-17,931
PROD00048,2022-06-01,131,628
PROD00048,2021-07-16,125,753
PROD00049,2021-12-08,53,295
PROD00049,2022-07-27,67,362
PROD00049,2023-11-12,108,470
PROD00049,2023-06-18,63,533
PROD00049,2021-05-14,98,631
PROD00050,2024-08-17,118,309
PROD00050,2024-02-09,47,356
PROD00050,2024-08-07,196,552
PROD00051,2022-12-08,-41,100
PROD00051,2023-03-11,76,176
PROD00051,2022-07-27,115,291
PROD00051,2020-03-24,64,355
PROD00051,2020-06-05,69,424
PROD00052,2021-10-30,165,824
PROD00052,2022-02-02,187,1011
PROD00052,2020-03-19,100,1111
PROD00052,2020-10-27,-35,1076
PROD00053,2023-06-01,127,727
PROD00053,2024-01-22,-35,692
PROD00053,2023-07-30,47,739
PROD00053,2024-07-21,155,894
PROD00054,2020-07-26,-50,510
PROD00054,2022-02-21,-13,497
PROD00054,2022-11-15,67,564
PROD00054,2024-01-25,13,577
PROD00054,2020-06-10,44,621
PROD00055,2021-11-22,1,648
PROD00055,2023-07-28,52,700
PROD00055,2024-03-14,-15,685
PROD00055,2021-09-10,110,795
PROD00056,2022-05-15,110,1097
PROD00056,2022-03-31,105,1202
PROD00056,2020-02-15,107,1309
PROD00056,2021-01-11,187,1496
PROD00057,2024-03-09,-45,145
PROD00057,2021-06-10,138,283
PROD00057,2024-01-17,66,349
PROD00057,2023-08-30,88,437
PROD00058,2024-03-01,73,1014
PROD00058,2020-06-11,177,1191
PROD00058,2022-06-06,96,1287
PROD00058,2020-08-26,-16,1271
PROD00058,2024-06-13,76,1347
PROD00059,2021-01-27,-30,118
PROD00059,2023-03-15,38,156
PROD00060,2021-06-18,199,797
PROD00061,2021-09-12,116,531
PROD00062,2023-06-14,72,591
PROD00062,2022-11-18,-7,584
PROD00063,2023-01-09,60,794
PROD00063,2024-06-13,-50,744
PROD00063,2021-05-14,194,938
PROD00064,2023-11-22,118,986
PROD00065,2024-06-24,111,126
PROD00066,2020-04-10,27,834
PROD00067,2022-02-05,194,299
PROD00068,2023-03-20,71,353
PROD00068,2022-08-26,72,425
PROD00068,2021-03-16,88,513
PROD00069,2024-04-06,114,217
PROD00070,2022-06-13,136,496
PROD00070,2021-07-16,22,518
PROD00070,2024-03-09,44,562
PROD00070,2023-11-11,20,582
PROD00071,2024-05-12,179,836
PROD00071,2021-01-15,152,988
PROD00071,2021-07-20,62,1050
PROD00072,2022-10-24,141,175
PROD00072,2023-10-07,173,348
PROD00072,2020-04-03,-43,305
PROD00072,2023-05-23,197,502
PROD00072,2022-03-27,128,630
PROD00073,2021-01-06,-16,96
PROD00073,2023-10-20,150,246
PROD00073,2021-08-06,193,439
PROD00074,2021-07-12,44,351
PROD00074,2020-01-11,125,476
PROD00074,2022-04-13,167,643
PROD00074,2021-02-28,23,666
PROD00075,2020-02-08,60,970
PROD00075,2024-05-20,178,1148
PROD00075,2022-04-28,-40,1108
PROD00075,2023-09-07,41,1149
PROD00076,2020-09-22,80,1038
PROD00076,2021-07-16,61,1099
PROD00076,2021-06-30,51,1150
PROD00076,2022-08-05,130,1280
PROD00076,2023-05-11,49,1329
PROD00077,2024-06-06,162,214
PROD00077,2023-07-24,1,215
PROD00077,2021-10-13,192,407
PROD00077,2020-07-17,125,532
PROD00077,2021-03-29,127,659
PROD00078,2021-04-05,123,981
PROD00078,2020-02-07,62,1043
PROD00078,2023-12-23,-37,1006
PROD00079,2021-10-26,3,83
PROD00079,2021-03-28,157,240
PROD00080,2020-05-10,53,668
PROD00080,2023-06-06,143,811
PROD00081,2021-08-12,78,911
PROD00082,2024-01-31,172,540
PROD00083,2023-12-29,92,333
PROD00083,2023-06-01,177,510
PROD00084,2024-08-20,168,198
PROD00084,2022-08-01,126,324
PROD00084,2023-04-19,158,482
PROD00084,2022-05-11,127,609
PROD00085,2023-07-24,104,932
PROD00085,2023-05-04,163,1095
PROD00085,2021-11-04,37,1132
PROD00085,2023-01-13,177,1309
PROD00086,2022-03-07,36,739
PROD00087,2022-09-01,10,878
PROD00087,2023-02-16,64,942
PROD00087,2020-01-26,-30,912
PROD00087,2021-12-03,135,1047
PROD00087,2021-11-28,152,1199
PROD00088,2021-10-16,172,532
PROD00088,2021-12-10,-4,528
PROD00088,2024-08-11,-46,482
PROD00088,2022-06-29,78,560
PROD00088,2020-11-06,181,741
PROD00089,2022-08-04,48,280
PROD00090,2024-02-29,176,785
PROD00090,2022-10-18,152,937
PROD00090,2021-03-07,22,959
PROD00091,2022-12-26,113,146
PROD00091,2023-11-29,-40,106
PROD00091,2020-12-14,179,285
PROD00091,2023-10-10,76,361
PROD00091,2022-03-09,108,469
PROD00092,2021-06-07,187,429
PROD00092,2022-04-05,184,613
PROD00093,2020-03-07,-27,923
PROD00093,2023-09-15,52,975
PROD00093,2023-03-16,-48,927
PROD00093,2020-06-09,-5,922
PROD00093,2023-07-17,170,1092
PROD00094,2022-09-23,-31,27
PROD00094,2023-02-23,157,184
PROD00095,2021-12-08,10,780
PROD00095,2020-06-19,-32,748
PROD00095,2021-03-01,2,750
PROD00095,2024-03-11,-19,731
PROD00095,2022-12-20,-44,687
PROD00096,2022-01-26,170,698
PROD00096,2021-09-14,155,853
PROD00096,2021-08-20,7,860
PROD00096,2024-03-17,63,923
PROD00096,2021-10-07,154,1077
PROD00097,2022-07-13,142,219
PROD00097,2023-10-13,15,234
PROD00097,2022-08-15,90,324
PROD00097,2020-03-01,182,506
PROD00098,2020-11-15,35,752
PROD00099,2023-07-03,65,366
PROD00099,2023-04-12,64,430
PROD00099,2020-12-07,186,616
PROD00100,2023-07-02,75,752
PROD00101,2021-12-21,77,879
PROD00102,2023-03-02,-43,853
PROD00103,2022-06-02,-9,102
PROD00103,2022-04-30,185,287
PROD00103,2024-04-15,149,436
PROD00104,2020-02-17,-35,377
PROD00105,2024-03-18,-21,878
PROD00105,2021-08-04,46,924
PROD00105,2023-02-13,36,960
PROD00105,2024-03-03,84,1044
PROD00106,2022-10-02,-9,307
PROD00106,2021-04-25,58,365
PROD00106,2022-02-07,141,506
PROD00107,2023-01-05,158,1022
PROD00107,2020-09-26,117,1139
PROD00107,2022-02-14,107,1246
PROD00108,2023-05-28,59,203
PROD00108,2020-09-09,-40,163
PROD00108,2020-07-17,195,358
PROD00108,2022-03-21,-30,328
PROD00109,2021-03-23,10,677
PROD00109,2021-03-08,99,776
PROD00109,2020-08-14,62,838
PROD00109,2023-03-14,170,1008
PROD00109,2021-08-15,125,1133
PROD00110,2020-12-31,61,750
PROD00110,2020-11-21,198,948
PROD00110,2024-04-19,21,969
PROD00110,2024-05-11,5,974
PROD00110,2024-02-13,134,1108
PROD00111,2022-04-01,22,879
PROD00111,2023-01-31,133,1012
PROD00111,2022-04-16,123,1135
PROD00112,2021-12-21,-15,632
PROD00112,2024-03-18,-4,628
PROD00112,2021-03-21,55,683
PROD00112,2022-05-06,-43,640
PROD00113,2023-05-12,106,1035
PROD00114,2021-07-25,161,987
PROD00114,2021-10-16,-27,960
PROD00115,2024-04-26,189,206
PROD00115,2022-01-13,99,305
PROD00115,2023-07-14,43,348
PROD00116,2020-08-04,119,469
PROD00116,2023-09-22,10,479
PROD00116,2023-11-07,140,619
PROD00117,2023-07-20,-3,951
PROD00118,2024-04-09,82,236
PROD00118,2023-07-26,70,306
PROD00118,2021-10-12,108,414
PROD00119,2022-10-25,13,796
PROD00119,2023-01-01,46,842
PROD00120,2022-12-26,-46,459
PROD00120,2022-03-14,24,483
PROD00120,2021-04-06,141,624
PROD00120,2022-04-07,154,778
PROD00121,2022-10-10,80,857
PROD00121,2024-03-29,39,896
PROD00121,2022-08-08,167,1063
PROD00121,2021-08-09,-11,1052
PROD00121,2024-08-18,197,1249
PROD00122,2022-07-09,-27,332
PROD00123,2020-11-17,71,402
PROD00123,2020-12-29,-45,357
PROD00123,2022-03-30,127,484
PROD00123,2021-08-13,97,581
PROD00123,2020-01-07,147,728
PROD00124,2022-12-26,-22,895
PROD00125,2024-08-26,144,671
PROD00125,2021-11-15,-8,663
PROD00125,2024-04-11,14,677
PROD00125,2022-08-08,169,846
PROD00125,2023-09-05,41,887
PROD00126,2020-12-18,63,74
PROD00126,2023-10-31,122,196
PROD00127,2020-07-20,147,221
PROD00127,2022-02-24,-37,184
PROD00127,2023-04-03,179,363
PROD00127,2023-08-30,142,505
PROD00127,2022-05-06,105,610
PROD00128,2022-05-06,43,254
PROD00128,2022-04-20,66,320
PROD00129,2021-01-21,25,715
PROD00129,2023-07-27,51,766
PROD00129,2020-02-29,102,868
PROD00129,2023-06-21,106,974
PROD00130,2021-04-04,198,838
PROD00130,2020-10-10,49,887
PROD00131,2023-06-02,177,459
PROD00131,2023-06-23,115,574
PROD00131,2022-10-27,60,634
PROD00132,2020-06-13,-13,181
PROD00132,2023-05-12,189,370
PROD00132,2023-03-14,-29,341
PROD00132,2024-02-08,-1,340
PROD00133,2022-04-17,106,885
PROD00133,2020-02-16,195,1080
PROD00133,2021-10-27,193,1273
PROD00133,2023-06-02,144,1417
PROD00133,2021-05-26,93,1510
PROD00134,2020-12-06,174,203
PROD00134,2023-03-11,66,269
PROD00134,2023-07-05,-28,241
PROD00134,2022-08-24,21,262
PROD00134,2023-11-02,13,275
PROD00135,2020-07-05,73,81
PROD00135,2022-01-28,-47,34
PROD00135,2020-02-16,45,79
PROD00135,2024-03-01,136,215
PROD00136,2023-05-16,-37,271
PROD00136,2024-06-05,174,445
PROD00136,2023-09-01,-27,418
PROD00136,2022-03-08,20,438
PROD00136,2023-02-04,143,581
PROD00137,2022-11-13,96,540
PROD00137,2021-01-30,174,714
PROD00137,2020-11-26,58,772
PROD00138,2022-07-26,172,481
PROD00138,2022-01-25,147,628
PROD00139,2024-01-20,-48,628
PROD00139,2021-05-05,-3,625
PROD00139,2020-12-24,34,659
PROD00140,2022-08-25,51,755
PROD00140,2023-12-30,162,917
PROD00140,2021-02-13,90,1007
PROD00140,2021-10-22,66,1073
PROD00141,2020-09-28,111,536
PROD00141,2021-08-23,95,631
PROD00142,2020-05-12,91,907
PROD00142,2020-03-04,143,1050
PROD00142,2021-02-27,64,1114
PROD00142,2023-03-28,137,1251
PROD00143,2022-08-02,88,859
PROD00143,2022-07-29,3,862
PROD00143,2021-05-16,132,994
PROD00144,2023-11-01,198,901
PROD00144,2023-05-20,145,1046
PROD00145,2022-06-27,152,742
PROD00145,2021-05-10,-36,706
PROD00146,2024-06-19,-5,685
PROD00146,2020-12-28,80,765
PROD00146,2022-08-02,140,905
PROD00147,2022-10-21,-5,85
PROD00147,2023-08-06,76,161
PROD00147,2020-08-15,129,290
PROD00148,2024-07-03,-6,449
PROD00149,2023-05-22,185,628
PROD00149,2021-11-09,107,735
PROD00150,2020-11-22,195,921
PROD00150,2021-05-16,27,948
PROD00150,2022-08-04,17,965
PROD00150,2024-01-18,41,1006
PROD00150,2020-05-23,-14,992
PROD00151,2020-01-15,-16,62
PROD00151,2024-03-13,179,241
PROD00151,2020-03-07,145,386
PROD00151,2023-10-28,185,571
PROD00152,2023-10-18,189,663
PROD00152,2022-04-12,7,670
PROD00152,2022-11-30,4,674
PROD00152,2022-08-20,-3,671
PROD00152,2022-02-28,-4,667
PROD00153,2020-05-24,92,1018
PROD00153,2024-05-22,79,1097
PROD00153,2022-05-04,126,1223
PROD00153,2021-06-16,110,1333
PROD00154,2024-01-06,192,294
PROD00154,2023-01-05,178,472
PROD00154,2020-09-04,163,635
PROD00155,2024-01-05,185,807
PROD00155,2024-05-09,-25,782
PROD00155,2023-05-28,185,967
PROD00156,2023-08-18,66,521
PROD00156,2022-12-29,0,521
PROD00156,2024-01-03,131,652
PROD00156,2020-02-18,193,845
PROD00157,2022-06-17,57,1046
PROD00157,2022-09-11,53,1099
PROD00157,2024-08-22,22,1121
PROD00157,2024-01-26,-6,1115
PROD00157,2020-05-02,174,1289
PROD00158,2021-08-22,195,508
PROD00158,2024-07-20,109,617
PROD00158,2022-03-26,152,769
PROD00158,2024-08-23,19,788
PROD00158,2024-08-11,23,811
PROD00159,2024-01-25,79,325
PROD00159,2024-04-23,-7,318
PROD00160,2020-03-22,47,280
PROD00161,2022-01-14,55,648
PROD00161,2022-03-29,167,815
PROD00162,2024-01-07,198,841
PROD00163,2022-11-13,74,308
PROD00163,2023-07-12,-32,276
PROD00163,2023-08-23,191,467
PROD00164,2022-06-20,110,899
PROD00164,2022-05-27,34,933
PROD00165,2024-05-31,-23,363
PROD00166,2020-09-11,89,935
PROD00167,2020-07-31,145,755
PROD00167,2020-10-25,12,767
PROD00167,2021-06-21,154,921
PROD00168,2024-04-01,-18,924
PROD00168,2024-08-17,85,1009
PROD00169,2023-04-02,-37,0
PROD00169,2024-03-23,99,99
PROD00169,2024-06-09,-11,88
PROD00170,2020-08-16,176,336
PROD00171,2024-01-18,-29,432
PROD00171,2020-12-12,-37,395
PROD00172,2022-01-20,20,963
PROD00172,2022-04-25,-22,941
PROD00172,2023-09-06,139,1080
PROD00172,2021-11-26,197,1277
PROD00172,2020-10-17,-31,1246
PROD00173,2021-05-12,102,550
PROD00173,2024-06-17,113,663
PROD00173,2022-09-15,154,817
PROD00173,2021-03-06,115,932
PROD00174,2021-06-25,67,183
PROD00175,2020-07-17,159,399
PROD00175,2021-11-06,87,486
PROD00176,2023-08-07,181,206
PROD00176,2023-11-21,101,307
PROD00177,2020-05-31,163,810
PROD00177,2022-07-27,90,900
PROD00177,2023-12-23,14,914
PROD00178,2022-10-03,-8,553
PROD00178,2024-03-21,55,608
PROD00178,2021-05-16,119,727
PROD00179,2024-03-30,27,1002
PROD00179,2021-06-16,-35,967
PROD00180,2021-12-02,76,881
PROD00181,2021-08-27,87,992
PROD00181,2023-11-12,13,1005
PROD00181,2022-06-29,-39,966
PROD00181,2021-11-08,186,1152
PROD00181,2024-05-31,12,1164
PROD00182,2022-07-11,67,364
PROD00182,2023-12-03,63,427
PROD00182,2021-06-12,118,545
PROD00183,2023-03-09,12,816
PROD00183,2021-07-17,181,997
PROD00184,2023-05-02,134,287
PROD00184,2020-03-14,178,465
PROD00184,2024-04-08,62,527
PROD00185,2020-10-13,133,864
PROD00186,2020-10-30,65,716
PROD00186,2022-12-04,175,891
PROD00187,2021-08-13,83,550
PROD00187,2020-02-23,84,634
PROD00188,2021-03-28,42,90
PROD00188,2022-01-29,68,158
PROD00188,2023-02-28,-27,131
PROD00188,2022-01-12,81,212
PROD00188,2024-01-01,-14,198
PROD00189,2021-08-19,-8,645
PROD00190,2021-09-20,144,189
PROD00190,2024-01-06,161,350
PROD00191,2020-11-20,194,868
PROD00191,2023-03-08,81,949
PROD00192,2023-07-22,36,320
PROD00192,2021-09-16,183,503
PROD00192,2022-08-31,2,505
PROD00192,2023-12-31,156,661
PROD00192,2022-06-19,156,817
PROD00193,2023-10-10,26,805
PROD00193,2021-08-26,186,991
PROD00194,2020-11-12,89,716
PROD00194,2024-03-03,-36,680
PROD00194,2024-07-07,154,834
PROD00195,2023-11-24,14,95
PROD00195,2020-09-20,181,276
PROD00196,2020-10-27,20,63
PROD00196,2023-05-29,20,83
PROD00196,2021-08-21,-35,48
PROD00196,2022-02-25,-4,44
PROD00196,2021-06-10,30,74
PROD00197,2023-07-28,176,881
PROD00197,2021-04-11,-36,845
PROD00197,2020-02-27,163,1008
PROD00197,2021-03-09,185,1193
PROD00198,2023-04-09,187,956
PROD00198,2021-09-12,194,1150
PROD00198,2020-10-30,41,1191
PROD00198,2023-04-11,-24,1167
PROD00198,2020-01-25,109,1276
PROD00199,2021-06-15,133,1087
PROD00199,2022-01-15,9,1096
PROD00199,2024-01-16,114,1210
PROD00199,2022-11-07,103,1313
PROD00200,2024-03-06,1,273
PROD00200,2022-11-24,153,426
PROD00200,2022-04-11,60,486
PROD00201,2022-09-03,168,561
PROD00202,2023-06-20,148,933
PROD00203,2020-12-14,106,895
PROD00204,2021-12-05,-17,577
PROD00205,2023-08-11,113,170
PROD00206,2020-11-15,135,699
PROD00207,2023-04-17,146,146
PROD00207,2022-10-23,183,329
PROD00207,2021-10-05,68,397
PROD00208,2022-12-07,-23,192
PROD00208,2022-02-05,86,278
PROD00208,2022-02-13,150,428
PROD00208,2022-09-20,110,538
PROD00209,2023-08-20,-13,303
PROD00210,2020-12-12,126,353
PROD00210,2022-12-11,179,532
PROD00210,2022-09-14,-40,492
PROD00210,2020-12-25,50,542
PROD00210,2022-09-18,149,691
PROD00211,2022-02-16,24,496
PROD00211,2020-01-30,187,683
PROD00211,2023-10-01,122,805
PROD00211,2020-05-12,125,930
PROD00211,2021-12-02,106,1036
PROD00212,2021-04-05,187,670
PROD00212,2021-09-25,90,760
PROD00212,2021-02-26,-20,740
PROD00212,2021-04-04,59,799
PROD00212,2020-11-03,-2,797
PROD00213,2021-07-23,15,780
PROD00214,2023-05-31,128,798
PROD00214,2024-05-12,183,981
PROD00215,2024-02-01,8,294
PROD00216,2024-06-04,154,664
PROD00217,2020-09-01,41,618
PROD00217,2023-08-24,-29,589
PROD00217,2021-02-07,37,626
PROD00217,2021-12-31,-1,625
PROD00218,2022-10-18,62,976
PROD00219,2022-07-29,-20,800
PROD00219,2023-03-12,49,849
PROD00219,2023-07-31,-19,830
PROD00220,2020-01-25,39,1010
PROD00220,2024-03-08,-27,983
PROD00221,2024-08-04,133,590
PROD00221,2024-05-22,116,706
PROD00222,2024-06-01,166,260
PROD00222,2022-12-09,154,414
PROD00223,2021-04-12,157,649
PROD00223,2024-02-27,127,776
PROD00223,2021-02-18,25,801
PROD00224,2022-01-14,15,779
PROD00224,2023-09-22,17,796
PROD00225,2020-03-08,135,284
PROD00225,2022-03-27,-43,241
PROD00226,2023-07-06,133,155
PROD00226,2020-07-21,65,220
PROD00226,2021-11-05,86,306
PROD00226,2022-11-05,124,430
PROD00227,2020-05-17,148,903
PROD00227,2021-07-09,7,910
PROD00227,2023-02-07,121,1031
PROD00228,2022-12-31,178,392
PROD00228,2024-02-27,-8,384
PROD00228,2023-01-06,194,578
PROD00228,2020-06-11,47,625
PROD00229,2024-06-22,-44,354
PROD00229,2020-04-24,-1,353
PROD00229,2022-07-03,147,500
PROD00229,2023-03-06,123,623
PROD00230,2022-12-06,-24,385
PROD00231,2021-05-22,-5,125
PROD00231,2021-05-16,40,165
PROD00232,2021-06-08,-12,842
PROD00232,2024-06-20,27,869
PROD00232,2024-02-23,71,940
PROD00232,2021-01-09,138,1078
PROD00233,2023-11-13,163,310
PROD00234,2023-08-25,166,546
PROD00234,2021-05-16,62,608
PROD00234,2021-04-12,96,704
PROD00234,2023-11-13,127,831
PROD00234,2024-01-09,55,886
PROD00235,2022-07-23,147,255
PROD00235,2020-12-29,83,338
PROD00235,2020-03-23,38,376
PROD00235,2023-06-01,77,453
PROD00236,2021-06-28,-14,537
PROD00236,2023-02-04,13,550
PROD00236,2021-07-22,111,661
PROD00236,2020-07-06,76,737
PROD00236,2024-03-01,18,755
PROD00237,2021-01-24,99,219
PROD00237,2024-02-10,187,406
PROD00237,2020-05-10,-45,361
PROD00237,2020-09-28,-43,318
PROD00238,2022-12-06,3,297
PROD00238,2021-09-12,37,334
PROD00238,2020-05-04,-28,306
PROD00238,2021-03-01,142,448
PROD00238,2021-04-11,97,545
PROD00239,2021-05-14,-37,82
PROD00239,2023-04-14,134,216
PROD00239,2024-04-08,-12,204
PROD00240,2023-04-05,89,544
PROD00240,2022-09-04,101,645
PROD00240,2022-08-08,68,713
PROD00240,2020-07-20,21,734
PROD00240,2023-01-04,127,861
PROD00241,2024-05-19,110,639
PROD00241,2020-04-14,54,693
PROD00241,2021-10-15,113,806
PROD00242,2024-06-05,56,224
PROD00242,2023-07-22,118,342
PROD00242,2020-05-29,66,408
PROD00243,2021-02-06,-40,669
PROD00243,2022-09-06,124,793
PROD00244,2020-08-26,50,972
PROD00244,2022-06-24,4,976
PROD00244,2020-06-19,-41,935
PROD00245,2022-09-01,118,1113
PROD00245,2021-02-08,108,1221
PROD00246,2020-07-23,18,160
PROD00246,2023-01-15,99,259
PROD00246,2023-04-22,32,291
PROD00247,2021-03-16,83,119
PROD00247,2023-05-10,95,214
PROD00247,2022-09-24,-15,199
PROD00248,2021-09-06,110,807
PROD00248,2023-03-11,179,986
PROD00249,2020-01-20,145,405
PROD00249,2023-04-06,161,566
PROD00249,2022-05-30,197,763
PROD00249,2020-08-16,-39,724
PROD00249,2024-01-14,27,751
PROD00250,2022-06-25,170,400
PROD00250,2024-05-11,83,483
PROD00250,2023-08-09,139,622
PROD00250,2021-02-02,55,677
PROD00250,2023-04-21,30,707
PROD00251,2024-07-08,162,415
PROD00251,2023-07-24,57,472
PROD00251,2023-06-12,163,635
PROD00251,2024-03-27,154,789
PROD00251,2022-07-23,141,930
PROD00252,2020-01-02,84,412
PROD00252,2021-05-30,132,544
PROD00252,2024-03-25,37,581
PROD00253,2022-04-13,41,943
PROD00253,2023-05-16,65,1008
PROD00253,2021-07-08,54,1062
PROD00253,2022-10-05,23,1085
PROD00254,2023-07-16,159,455
PROD00255,2020-12-27,76,1055
PROD00256,2021-11-04,11,20
PROD00256,2022-11-04,79,99
PROD00257,2022-09-16,143,588
PROD00257,2022-11-19,-8,580
PROD00257,2021-08-04,184,764
PROD00257,2023-08-14,61,825
PROD00257,2021-09-05,14,839
PROD00258,2021-06-25,-45,876
PROD00258,2022-12-25,19,895
PROD00258,2021-05-24,114,1009
PROD00259,2021-11-29,34,869
PROD00259,2021-07-17,71,940
PROD00260,2023-10-20,151,380
PROD00260,2023-02-23,-50,330
PROD00260,2022-10-27,137,467
PROD00261,2021-09-24,28,563
PROD00262,2023-07-05,45,122
PROD00262,2022-06-20,-32,90
PROD00262,2020-08-16,17,107
PROD00262,2024-03-29,141,248
PROD00262,2021-01-08,187,435
PROD00263,2022-09-25,48,472
PROD00264,2020-01-14,-14,178
PROD00264,2021-10-15,-42,136
PROD00264,2022-11-09,104,240
PROD00264,2022-08-21,65,305
PROD00265,2022-10-12,-23,377
PROD00265,2020-11-30,174,551
PROD00265,2021-01-01,154,705
PROD00265,2020-05-14,146,851
PROD00266,2024-04-06,-33,75
PROD00266,2022-06-03,165,240
PROD00267,2023-10-10,141,932
PROD00267,2021-09-15,192,1124
PROD00267,2020-07-12,145,1269
PROD00267,2022-06-26,56,1325
PROD00267,2021-12-02,-48,1277
PROD00268,2023-07-30,-5,917
PROD00268,2023-11-07,156,1073
PROD00268,2023-01-08,97,1170
PROD00269,2024-08-11,54,316
PROD00269,2021-01-09,64,380
PROD00269,2021-01-31,50,430
PROD00270,2024-05-13,68,396
PROD00271,2020-08-10,16,378
PROD00271,2024-04-11,85,463
PROD00272,2021-04-19,115,981
PROD00272,2021-03-12,62,1043
PROD00272,2021-09-21,155,1198
PROD00272,2022-10-24,177,1375
PROD00272,2021-09-17,112,1487
PROD00273,2021-10-17,82,459
PROD00273,2024-04-18,155,614
PROD00274,2022-12-22,-31,748
PROD00275,2022-08-24,97,437
PROD00276,2020-07-29,190,448
PROD00276,2023-11-03,198,646
PROD00276,2021-09-06,59,705
PROD00276,2023-06-02,174,879
PROD00276,2021-03-06,122,1001
PROD00277,2023-03-15,27,361
PROD00278,2023-10-08,134,218
PROD00279,2020-11-12,142,663
PROD00279,2021-10-25,107,770
PROD00279,2020-11-16,-14,756
PROD00280,2021-01-28,12,812
PROD00280,2024-04-18,190,1002
PROD00280,2022-03-22,13,1015
PROD00280,2024-05-28,33,1048
PROD00280,2020-12-17,166,1214
PROD00281,2020-11-19,-17,796
PROD00281,2023-06-03,20,816
PROD00281,2023-09-18,167,983
PROD00282,2020-11-17,-31,539
PROD00282,2021-10-28,157,696
PROD00282,2022-11-23,86,782
PROD00283,2022-08-28,173,480
PROD00284,2023-08-31,27,288
PROD00284,2023-05-04,62,350
PROD00284,2024-06-03,16,366
PROD00284,2022-05-03,45,411
PROD00284,2024-05-15,102,513
PROD00285,2024-01-27,112,1009
PROD00285,2021-07-05,165,1174
PROD00285,2021-04-13,31,1205
PROD00285,2021-06-22,34,1239
PROD00285,2022-08-24,34,1273
PROD00286,2021-09-13,185,981
PROD00287,2022-01-29,16,646
PROD00287,2020-10-23,80,726
PROD00288,2021-09-19,132,811
PROD00288,2021-11-14,172,983
PROD00288,2024-01-28,17,1000
PROD00288,2021-12-25,102,1102
PROD00288,2024-08-25,7,1109
PROD00289,2024-03-06,7,871
PROD00289,2021-10-07,67,938
PROD00289,2022-07-10,96,1034
PROD00290,2021-09-22,32,732
PROD00290,2022-05-21,-20,712
PROD00290,2023-02-27,67,779
PROD00291,2022-03-16,178,629
PROD00291,2024-04-10,-43,586
PROD00291,2022-05-04,44,630
PROD00292,2020-01-12,13,263
PROD00292,2024-04-10,118,381
PROD00293,2022-04-07,-30,293
PROD00293,2020-04-23,42,335
PROD00293,2022-04-17,-11,324
PROD00294,2021-12-25,179,1103
PROD00294,2023-08-15,141,1244
PROD00294,2024-07-07,70,1314
PROD00295,2020-10-13,173,401
PROD00295,2022-07-24,199,600
PROD00295,2024-04-19,1,601
PROD00295,2021-07-15,114,715
PROD00296,2020-02-09,58,759
PROD00297,2024-08-03,-2,825
PROD00297,2023-12-13,108,933
PROD00297,2021-02-18,134,1067
PROD00298,2021-03-03,14,649
PROD00298,2023-09-17,72,721
PROD00298,2024-01-07,132,853
PROD00298,2021-06-08,169,1022
PROD00298,2021-08-26,178,1200
PROD00299,2022-02-03,4,599
PROD00299,2020-02-18,26,625
PROD00300,2021-10-21,177,473
PROD00300,2022-05-25,-32,441
PROD00300,2024-06-07,175,616
PROD00300,2022-02-22,123,739
PROD00300,2021-10-29,66,805
PROD00301,2023-02-16,24,750
PROD00301,2023-02-20,98,848
PROD00302,2024-02-22,192,428
PROD00302,2021-02-12,72,500
PROD00302,2024-06-21,86,586
PROD00302,2021-03-16,108,694
PROD00303,2023-06-18,188,1165
PROD00304,2022-10-27,165,789
PROD00304,2022-06-20,70,859
PROD00305,2021-07-15,95,311
PROD00305,2020-08-06,101,412
PROD00305,2020-06-01,53,465
PROD00305,2021-05-12,197,662
PROD00306,2020-11-24,61,893
PROD00307,2021-10-28,86,331
PROD00307,2024-01-20,-13,318
PROD00308,2022-09-09,-43,404
PROD00308,2024-01-17,140,544
PROD00308,2023-04-29,59,603
PROD00308,2022-08-20,-12,591
PROD00308,2020-04-04,4,595
PROD00309,2024-05-18,120,966
PROD00309,2023-09-12,13,979
PROD00309,2022-03-09,99,1078
PROD00309,2023-11-09,-23,1055
PROD00309,2023-12-17,144,1199
PROD00310,2022-09-24,96,414
PROD00310,2021-05-26,89,503
PROD00310,2021-07-27,113,616
PROD00311,2023-05-27,146,1139
PROD00311,2023-04-15,35,1174
PROD00311,2022-02-07,138,1312
PROD00312,2020-05-01,61,492
PROD00312,2020-07-26,130,622
PROD00313,2020-04-24,137,540
PROD00313,2023-08-02,10,550
PROD00314,2021-12-02,-37,848
PROD00314,2021-07-19,119,967
PROD00314,2023-01-06,3,970
PROD00315,2022-01-26,49,85
PROD00315,2022-06-16,159,244
PROD00315,2021-08-05,163,407
PROD00315,2020-08-15,191,598
PROD00316,2022-08-24,76,651
PROD00317,2020-10-02,182,912
PROD00318,2024-03-15,185,526
PROD00318,2020-05-31,65,591
PROD00319,2021-10-26,198,586
PROD00319,2024-05-06,16,602
PROD00320,2024-02-09,129,162
PROD00321,2022-04-27,175,213
PROD00321,2024-08-15,42,255
PROD00322,2020-11-06,140,718
PROD00322,2020-11-04,-28,690
PROD00322,2023-04-22,-35,655
PROD00322,2021-09-04,96,751
PROD00323,2023-03-21,26,234
PROD00323,2021-02-13,126,360
PROD00323,2023-02-24,88,448
PROD00323,2020-06-29,-48,400
PROD00323,2022-06-16,119,519
PROD00324,2021-05-17,108,937
PROD00324,2021-11-02,69,1006
PROD00324,2023-03-18,158,1164
PROD00325,2023-01-24,107,962
PROD00325,2024-04-11,49,1011
PROD00325,2023-09-15,-28,983
PROD00325,2021-06-17,172,1155
PROD00325,2023-02-14,-31,1124
PROD00326,2022-12-23,142,293
PROD00326,2024-07-31,-35,258
PROD00326,2021-08-19,-26,232
PROD00326,2023-11-13,45,277
PROD00327,2020-02-14,130,1028
PROD00327,2020-10-14,188,1216
PROD00327,2024-04-30,-17,1199
PROD00327,2024-04-25,22,1221
PROD00327,2020-05-19,109,1330
PROD00328,2024-05-28,65,429
PROD00328,2023-12-03,81,510
PROD00329,2023-12-27,95,293
PROD00329,2024-02-22,188,481
PROD00329,2021-10-04,48,529
PROD00329,2022-01-09,-30,499
PROD00330,2024-05-01,-5,595
PROD00330,2022-07-02,63,658
PROD00330,2024-03-10,71,729
PROD00330,2021-03-15,48,777
PROD00330,2021-01-12,193,970
PROD00331,2021-10-19,-19,740
PROD00331,2022-08-17,81,821
PROD00332,2021-04-11,114,948
PROD00332,2022-08-01,103,1051
PROD00332,2022-01-11,157,1208
PROD00333,2021-11-13,93,171
PROD00333,2021-02-11,55,226
PROD00333,2023-10-19,94,320
PROD00334,2023-12-12,156,632
PROD00335,2021-06-14,141,574
PROD00335,2021-06-06,105,679
PROD00335,2023-05-21,163,842
PROD00335,2024-03-11,107,949
PROD00335,2020-02-17,151,1100
PROD00336,2020-10-14,57,853
PROD00336,2020-09-01,71,924
PROD00336,2023-08-08,76,1000
PROD00337,2022-04-21,135,976
PROD00337,2022-05-25,97,1073
PROD00337,2022-03-22,143,1216
PROD00337,2024-07-08,83,1299
PROD00338,2022-09-23,118,149
PROD00338,2024-06-22,80,229
PROD00338,2020-04-08,52,281
PROD00338,2022-12-18,177,458
PROD00339,2020-05-03,9,95
PROD00339,2022-11-15,-8,87
PROD00339,2022-02-03,-16,71
PROD00339,2020-02-03,180,251
PROD00339,2023-03-04,12,263
PROD00340,2022-06-14,146,696
PROD00340,2020-03-06,111,807
PROD00341,2022-10-29,158,550
PROD00342,2024-06-22,-14,598
PROD00343,2021-10-31,10,253
PROD00343,2024-06-06,41,294
PROD00343,2023-01-08,189,483
PROD00343,2022-10-04,104,587
PROD00343,2021-08-01,38,625
PROD00344,2023-03-23,8,239
PROD00344,2021-11-14,-16,223
PROD00344,2023-07-23,-34,189
PROD00345,2020-05-17,-37,872
PROD00345,2024-02-13,99,971
PROD00346,2020-06-03,49,628
PROD00346,2023-03-03,195,823
PROD00347,2020-07-07,47,238
PROD00347,2023-02-17,189,427
PROD00347,2024-05-17,12,439
PROD00347,2020-08-18,-1,438
PROD00348,2022-12-25,54,969
PROD00349,2020-11-20,47,586
PROD00349,2024-06-23,123,709
PROD00349,2022-11-17,23,732
PROD00350,2020-06-28,73,342
PROD00350,2023-03-21,48,390
PROD00350,2022-08-17,137,527
PROD00350,2023-06-03,-30,497
PROD00350,2023-08-24,98,595
PROD00351,2021-01-25,-48,891
PROD00351,2024-03-19,114,1005
PROD00351,2020-05-29,-44,961
PROD00351,2024-04-20,66,1027
PROD00351,2023-11-01,12,1039
PROD00352,2022-06-01,69,806
PROD00352,2024-08-01,39,845
PROD00353,2021-07-21,194,270
PROD00353,2022-08-11,51,321
PROD00354,2022-07-13,86,820
PROD00354,2024-02-22,101,921
PROD00354,2020-11-07,-8,913
PROD00354,2023-08-25,19,932
PROD00354,2021-11-07,-36,896
PROD00355,2020-05-29,119,1111
PROD00355,2021-01-07,19,1130
PROD00355,2023-08-19,8,1138
PROD00355,2023-03-24,-23,1115
PROD00356,2021-11-26,64,947
PROD00357,2022-07-18,140,306
PROD00358,2022-12-16,32,315
PROD00358,2024-05-18,23,338
PROD00358,2023-11-19,-14,324
PROD00358,2024-02-23,148,472
PROD00359,2024-08-06,137,840
PROD00359,2022-06-04,198,1038
PROD00359,2020-02-13,52,1090
PROD00359,2022-04-02,-40,1050
PROD00359,2023-03-23,69,1119
PROD00360,2021-08-24,26,114
PROD00360,2020-01-14,45,159
PROD00360,2023-07-01,97,256
PROD00360,2024-08-23,-26,230
PROD00361,2022-03-09,66,609
PROD00361,2020-02-08,192,801
PROD00361,2020-01-18,-23,778
PROD00361,2021-04-06,20,798
PROD00361,2021-10-22,164,962
PROD00362,2022-05-24,164,812
PROD00362,2020-11-04,112,924
PROD00362,2021-06-14,-32,892
PROD00362,2021-04-01,-35,857
PROD00363,2023-04-11,119,274
PROD00363,2023-10-13,71,345
PROD00363,2024-04-21,86,431
PROD00363,2021-10-30,110,541
PROD00363,2022-12-26,-32,509
PROD00364,2022-07-26,115,364
PROD00364,2023-08-31,111,475
PROD00364,2023-09-24,160,635
PROD00364,2021-02-14,21,656
PROD00365,2024-04-25,147,241
PROD00365,2024-08-09,178,419
PROD00365,2023-03-22,147,566
PROD00365,2021-12-27,55,621
PROD00365,2024-01-04,50,671
PROD00366,2023-03-27,151,167
PROD00366,2020-11-08,199,366
PROD00366,2021-01-21,-50,316
PROD00366,2024-05-02,189,505
PROD00367,2020-10-30,199,315
PROD00367,2021-02-26,78,393
PROD00367,2021-09-23,173,566
PROD00368,2021-01-06,182,1164
PROD00368,2020-07-25,16,1180
PROD00368,2020-02-23,110,1290
PROD00369,2022-12-28,-35,297
PROD00369,2023-05-17,157,454
PROD00369,2020-03-21,185,639
PROD00369,2024-05-15,39,678
PROD00370,2020-09-17,135,957
PROD00370,2023-01-11,136,1093
PROD00370,2021-12-14,138,1231
PROD00370,2020-05-21,4,1235
PROD00370,2021-11-01,-22,1213
PROD00371,2021-10-07,119,640
PROD00372,2021-04-16,55,134
PROD00372,2023-09-09,-3,131
PROD00372,2021-03-03,62,193
PROD00373,2021-02-17,23,668
PROD00374,2021-09-12,1,432
PROD00375,2020-11-30,59,261
PROD00375,2022-05-18,82,343
PROD00375,2021-07-09,-44,299
PROD00375,2021-04-22,66,365
PROD00375,2021-03-20,148,513
PROD00376,2024-04-30,73,188
PROD00376,2021-12-28,-13,175
PROD00376,2020-02-25,-41,134
PROD00376,2020-10-08,155,289
PROD00376,2022-06-19,71,360
PROD00377,2020-09-09,-46,916
PROD00377,2022-02-07,74,990
PROD00377,2020-02-22,-22,968
PROD00378,2022-06-28,-41,178
PROD00378,2024-03-03,90,268
PROD00378,2024-02-24,22,290
PROD00378,2021-03-03,-5,285
PROD00379,2022-02-18,48,300
PROD00380,2020-04-10,6,174
PROD00380,2022-07-04,27,201
PROD00381,2022-06-17,62,908
PROD00381,2022-03-28,20,928
PROD00381,2021-02-10,191,1119
PROD00382,2021-02-25,104,419
PROD00383,2024-04-27,195,911
PROD00384,2022-02-18,-32,777
PROD00384,2023-04-23,165,942
PROD00384,2024-07-26,106,1048
PROD00385,2020-09-12,49,420
PROD00385,2020-07-09,175,595
PROD00385,2020-12-24,185,780
PROD00385,2022-11-03,-48,732
PROD00385,2023-03-30,142,874
PROD00386,2024-01-23,90,849
PROD00386,2022-11-23,2,851
PROD00386,2020-09-06,-4,847
PROD00387,2020-11-29,103,979
PROD00388,2024-03-29,1,977
PROD00388,2021-03-05,42,1019
PROD00389,2020-09-03,185,767
PROD00389,2022-09-28,192,959
PROD00390,2024-02-25,20,175
PROD00390,2023-05-23,57,232
PROD00390,2022-01-03,60,292
PROD00390,2024-03-15,80,372
PROD00390,2021-10-10,-9,363
PROD00391,2022-04-30,-28,585
PROD00391,2021-01-26,52,637
PROD00391,2021-03-06,9,646
PROD00392,2020-07-04,11,23
PROD00393,2024-06-25,132,639
PROD00393,2022-11-04,145,784
PROD00393,2022-01-06,9,793
PROD00394,2022-09-05,133,597
PROD00394,2021-06-06,11,608
PROD00394,2022-11-07,195,803
PROD00395,2020-08-17,141,923
PROD00396,2022-07-24,-33,770
PROD00396,2020-02-03,51,821
PROD00396,2020-01-15,130,951
PROD00396,2022-02-17,167,1118
PROD00396,2024-07-03,81,1199
PROD00397,2022-05-10,124,343
PROD00397,2022-03-30,140,483
PROD00398,2020-07-23,88,102
PROD00398,2021-12-27,49,151
PROD00398,2022-01-08,87,238
PROD00399,2021-09-26,-20,729
PROD00400,2020-05-13,-44,72
PROD00400,2022-06-08,160,232
PROD00400,2023-08-28,-7,225
PROD00401,2021-09-07,94,424
PROD00401,2021-04-14,175,599
PROD00402,2023-12-07,50,105
PROD00402,2020-06-21,139,244
PROD00402,2023-08-25,81,325
PROD00403,2023-08-11,43,393
PROD00404,2024-07-17,-40,91
PROD00404,2022-03-09,-30,61
PROD00405,2022-08-23,198,1192
PROD00405,2020-02-02,108,1300
PROD00405,2021-07-16,135,1435
PROD00405,2024-02-03,5,1440
PROD00406,2023-08-18,-3,222
PROD00407,2021-10-24,-49,258
PROD00407,2020-04-02,8,266
PROD00407,2020-10-15,16,282
PROD00407,2021-05-24,170,452
PROD00408,2020-12-29,27,501
PROD00408,2023-03-02,6,507
PROD00409,2020-01-19,180,1085
PROD00409,2020-09-19,12,1097
PROD00409,2022-11-28,143,1240
PROD00409,2020-11-14,-37,1203
PROD00409,2020-10-14,55,1258
PROD00410,2023-11-24,151,372
PROD00410,2022-08-20,-25,347
PROD00410,2024-04-10,53,400
PROD00411,2020-03-20,162,334
PROD00411,2020-05-05,-21,313
PROD00411,2023-05-06,155,468
PROD00412,2024-07-01,92,431
PROD00412,2021-03-05,5,436
PROD00412,2024-02-24,139,575
PROD00412,2023-09-15,7,582
PROD00412,2021-08-23,133,715
PROD00413,2022-01-31,88,884
PROD00413,2023-06-18,-38,846
PROD00413,2022-04-29,25,871
PROD00413,2024-08-13,96,967
PROD00414,2020-11-18,176,681
PROD00414,2022-05-08,129,810
PROD00415,2020-12-19,62,882
PROD00415,2020-12-23,191,1073
PROD00415,2022-11-28,51,1124
PROD00416,2020-11-06,-23,133
PROD00416,2024-02-28,148,281
PROD00416,2024-07-15,93,374
PROD00417,2024-07-17,-49,101
PROD00418,2023-10-01,36,732
PROD00419,2021-01-06,-35,142
PROD00420,2022-01-17,-38,494
PROD00420,2020-08-12,146,640
PROD00420,2024-05-29,191,831
PROD00420,2020-11-28,61,892
PROD00420,2020-03-02,23,915
PROD00421,2022-10-15,184,295
PROD00421,2021-02-21,-36,259
PROD00421,2021-09-18,128,387
PROD00421,2022-04-06,54,441
PROD00422,2023-07-04,18,700
PROD00422,2022-02-03,4,704
PROD00422,2021-06-27,141,845
PROD00422,2023-06-27,56,901
PROD00423,2021-10-19,-22,115
PROD00423,2020-02-28,157,272
PROD00424,2024-05-23,84,316
PROD00424,2020-02-22,183,499
PROD00424,2021-11-10,159,658
PROD00425,2020-02-28,178,509
PROD00425,2022-08-21,-49,460
PROD00425,2020-03-11,33,493
PROD00425,2024-02-14,53,546
PROD00425,2020-10-22,148,694
PROD00426,2022-04-14,-25,516
PROD00426,2020-04-05,132,648
PROD00427,2023-01-09,178,1070
PROD00427,2022-02-11,-37,1033
PROD00428,2024-04-10,99,405
PROD00428,2023-05-10,55,460
PROD00428,2024-01-19,-3,457
PROD00428,2022-12-11,63,520
PROD00428,2020-12-13,-36,484
PROD00429,2020-11-19,97,257
PROD00430,2020-07-24,125,526
PROD00430,2020-01-31,55,581
PROD00431,2021-12-15,98,687
PROD00432,2021-04-01,-18,259
PROD00432,2020-07-07,-11,248
PROD00432,2022-05-09,18,266
PROD00433,2020-05-15,171,490
PROD00433,2020-08-18,110,600
PROD00433,2022-09-01,137,737
PROD00433,2022-08-09,-28,709
PROD00433,2022-04-30,98,807
PROD00434,2023-01-04,43,575
PROD00434,2022-06-20,148,723
PROD00434,2020-10-02,-31,692
PROD00435,2023-05-20,-35,861
PROD00436,2024-07-15,101,597
PROD00436,2023-07-28,122,719
PROD00436,2020-01-02,111,830
PROD00436,2021-09-29,33,863
PROD00436,2022-09-02,160,1023
PROD00437,2022-08-19,-43,319
PROD00437,2021-06-10,24,343
PROD00437,2020-09-19,173,516
PROD00437,2021-10-23,16,532
PROD00437,2023-09-06,7,539
PROD00438,2023-01-10,181,552
PROD00438,2022-01-18,117,669
PROD00438,2023-06-10,96,765
PROD00439,2023-09-30,129,1020
PROD00439,2024-01-07,81,1101
PROD00440,2020-07-16,38,692
PROD00440,2022-09-05,-18,674
PROD00440,2022-10-06,155,829
PROD00440,2024-03-13,148,977
PROD00441,2023-03-15,-35,0
PROD00441,2021-02-05,0,0
PROD00442,2020-09-14,89,391
PROD00443,2021-03-25,85,522
PROD00443,2022-11-20,50,572
PROD00443,2020-09-22,-39,533
PROD00444,2024-07-07,155,880
PROD00444,2020-10-19,160,1040
PROD00444,2021-04-06,185,1225
PROD00444,2023-09-12,151,1376
PROD00445,2020-06-17,184,215
PROD00445,2024-03-02,125,340
PROD00445,2020-07-13,-18,322
PROD00446,2024-01-08,-43,142
PROD00446,2022-04-07,-24,118
PROD00446,2021-08-01,-21,97
PROD00446,2023-06-13,-39,58
PROD00446,2020-08-03,169,227
PROD00447,2021-05-26,22,195
PROD00447,2021-04-08,56,251
PROD00447,2021-05-28,38,289
PROD00447,2021-01-13,-26,263
PROD00447,2024-02-04,121,384
PROD00448,2023-09-12,166,731
PROD00448,2021-09-08,83,814
PROD00449,2021-11-04,-20,652
PROD00449,2023-12-26,78,730
PROD00449,2022-08-04,91,821
PROD00450,2023-09-30,27,276
PROD00450,2023-04-24,27,303
PROD00450,2022-11-30,190,493
PROD00450,2022-11-24,-4,489
PROD00451,2023-03-28,132,894
PROD00451,2021-06-30,166,1060
PROD00451,2024-04-05,93,1153
PROD00451,2020-09-26,129,1282
PROD00451,2021-11-02,199,1481
PROD00452,2022-05-14,151,1085
PROD00453,2022-02-06,189,467
PROD00453,2023-09-16,125,592
PROD00453,2020-10-24,91,683
PROD00453,2023-04-01,39,722
PROD00453,2024-02-17,-10,712
PROD00454,2020-03-11,182,864
PROD00455,2024-03-11,89,783
PROD00455,2024-06-25,-42,741
PROD00455,2022-02-27,159,900
PROD00456,2023-07-18,82,83
PROD00456,2020-04-08,143,226
PROD00457,2024-06-14,15,208
PROD00457,2021-02-09,64,272
PROD00458,2021-01-08,-30,135
PROD00459,2020-01-30,136,894
PROD00459,2020-10-19,122,1016
PROD00459,2023-07-23,153,1169
PROD00459,2020-03-10,129,1298
PROD00460,2024-06-15,107,1031
PROD00460,2021-05-02,154,1185
PROD00460,2020-11-27,166,1351
PROD00460,2022-03-23,145,1496
PROD00460,2021-10-22,92,1588
PROD00461,2020-01-24,6,761
PROD00462,2023-03-17,131,240
PROD00462,2022-09-11,-29,211
PROD00462,2022-09-17,-20,191
PROD00462,2021-12-05,44,235
PROD00463,2021-01-19,26,405
PROD00463,2023-07-11,140,545
PROD00463,2024-07-31,176,721
PROD00463,2023-03-28,92,813
PROD00464,2022-04-10,77,911
PROD00464,2022-07-14,170,1081
PROD00464,2021-03-15,124,1205
PROD00464,2022-07-17,5,1210
PROD00464,2023-06-26,57,1267
PROD00465,2021-06-22,43,1041
PROD00465,2023-01-22,62,1103
PROD00465,2022-06-19,13,1116
PROD00465,2020-08-29,101,1217
PROD00466,2024-03-05,141,723
PROD00467,2021-07-26,160,835
PROD00467,2023-09-04,-12,823
PROD00467,2024-04-22,5,828
PROD00467,2022-11-19,-42,786
PROD00468,2021-11-21,-4,280
PROD00468,2021-11-21,151,431
PROD00469,2021-01-16,-37,849
PROD00469,2021-06-06,13,862
PROD00469,2021-11-29,187,1049
PROD00469,2024-07-10,-4,1045
PROD00470,2022-09-25,176,596
PROD00470,2024-04-30,126,722
PROD00471,2023-01-29,99,211
PROD00471,2022-07-23,-42,169
PROD00471,2023-09-20,-2,167
PROD00472,2020-07-16,64,291
PROD00472,2023-09-30,119,410
PROD00472,2021-12-02,-7,403
PROD00472,2024-04-12,13,416
PROD00472,2022-11-29,11,427
PROD00473,2021-06-22,77,547
PROD00473,2020-05-09,46,593
PROD00473,2024-05-20,-16,577
PROD00473,2022-01-18,128,705
PROD00473,2022-05-23,191,896
PROD00474,2023-08-08,5,817
PROD00474,2020-02-22,176,993
PROD00474,2023-01-17,115,1108
PROD00474,2020-09-15,113,1221
PROD00474,2020-07-12,85,1306
PROD00475,2021-04-10,-33,494
PROD00475,2022-07-25,151,645
PROD00475,2024-08-26,-1,644
PROD00475,2020-08-15,185,829
PROD00476,2020-09-03,9,504
PROD00476,2023-02-01,15,519
PROD00476,2023-12-30,102,621
PROD00476,2021-08-28,14,635
PROD00477,2020-09-15,127,157
PROD00478,2021-12-12,20,181
PROD00478,2021-09-20,175,356
PROD00478,2022-07-15,50,406
PROD00479,2022-06-12,119,936
PROD00479,2023-02-07,23,959
PROD00479,2020-06-18,49,1008
PROD00480,2022-10-30,-16,688
PROD00480,2021-01-08,51,739
PROD00480,2022-03-25,151,890
PROD00480,2024-08-06,138,1028
PROD00480,2022-11-12,-35,993
PROD00481,2021-02-03,6,727
PROD00481,2020-10-17,175,902
PROD00481,2023-10-25,2,904
PROD00481,2021-03-30,134,1038
PROD00482,2024-05-08,150,527
PROD00482,2020-02-04,-4,523
PROD00483,2021-02-10,51,496
PROD00483,2024-02-11,146,642
PROD00483,2024-03-04,58,700
PROD00483,2021-12-25,185,885
PROD00483,2022-12-12,26,911
PROD00484,2023-05-15,123,866
PROD00484,2024-05-16,83,949
PROD00485,2020-11-06,50,476
PROD00485,2023-02-26,195,671
PROD00485,2022-12-22,10,681
PROD00485,2022-12-11,82,763
PROD00486,2020-04-06,126,821
PROD00486,2024-06-26,105,926
PROD00487,2022-12-27,32,535
PROD00487,2022-01-12,121,656
PROD00487,2023-01-09,81,737
PROD00487,2021-04-16,6,743
PROD00487,2023-11-21,105,848
PROD00488,2022-12-23,35,561
PROD00488,2020-12-07,1,562
PROD00489,2022-02-05,31,974
PROD00489,2020-11-21,51,1025
PROD00490,2020-07-24,2,818
PROD00490,2023-10-25,-15,803
PROD00491,2020-12-05,-29,691
PROD00492,2023-07-24,15,698
PROD00492,2023-07-23,133,831
PROD00493,2023-06-20,83,860
PROD00493,2021-04-08,-37,823
PROD00493,2024-03-18,102,925
PROD00494,2024-01-06,190,721
PROD00494,2020-11-07,74,795
PROD00495,2023-01-12,32,613
PROD00495,2023-06-02,-11,602
PROD00495,2022-05-18,-17,585
PROD00496,2021-02-18,69,588
PROD00496,2021-07-24,33,621
PROD00497,2020-04-10,190,1130
PROD00497,2022-03-31,40,1170
PROD00497,2021-08-30,-36,1134
PROD00497,2022-03-09,49,1183
PROD00497,2022-12-04,-42,1141
PROD00498,2022-05-12,84,117
PROD00498,2022-09-02,102,219
PROD00499,2022-08-16,105,840
PROD00499,2021-10-21,122,962
PROD00499,2020-10-05,78,1040
PROD00499,2024-01-17,145,1185
PROD00499,2021-09-06,-13,1172
PROD00500,2020-01-01,-5,685
PROD00500,2020-06-02,41,726
PROD00500,2021-05-29,-40,686
PROD00500,2023-12-21,-27,659
PROD00500,2023-02-12,190,849
PROD00501,2023-09-30,183,940
PROD00502,2021-09-30,26,515
PROD00502,2021-03-03,195,710
PROD00503,2024-02-11,193,964
PROD00503,2023-06-09,111,1075
PROD00504,2023-05-01,150,769
PROD00504,2020-05-16,-50,719
PROD00504,2020-05-01,63,782
PROD00504,2024-03-26,112,894
PROD00505,2022-04-20,5,758
PROD00505,2020-10-14,70,828
PROD00505,2020-10-21,-24,804
PROD00505,2022-09-11,42,846
PROD00506,2024-08-11,-48,374
PROD00506,2020-11-24,3,377
PROD00507,2024-04-14,160,627
PROD00507,2024-07-10,-41,586
PROD00508,2021-05-11,125,148
PROD00508,2022-03-12,97,245
PROD00508,2024-05-29,106,351
PROD00509,2020-11-22,76,291
PROD00509,2023-08-16,185,476
PROD00509,2022-05-08,185,661
PROD00509,2022-03-11,66,727
PROD00509,2023-04-26,61,788
PROD00510,2021-01-31,187,241
PROD00510,2021-05-24,193,434
PROD00510,2021-12-18,163,597
PROD00510,2020-05-24,153,750
PROD00510,2021-04-08,64,814
PROD00511,2021-07-19,38,63
PROD00511,2020-10-14,77,140
PROD00511,2022-04-02,-28,112
PROD00511,2020-09-09,171,283
PROD00511,2024-01-26,50,333
PROD00512,2024-02-23,51,331
PROD00512,2023-04-14,147,478
PROD00512,2023-10-08,62,540
PROD00512,2020-11-06,-50,490
PROD00512,2021-02-25,-45,445
PROD00513,2022-06-27,151,954
PROD00514,2020-10-18,120,446
PROD00514,2023-10-08,22,468
PROD00514,2021-07-18,31,499
PROD00514,2024-04-06,-2,497
PROD00514,2021-11-01,68,565
PROD00515,2020-01-23,109,1078
PROD00515,2023-07-28,66,1144
PROD00515,2020-08-28,125,1269
PROD00515,2022-12-02,135,1404
PROD00515,2021-09-29,-17,1387
PROD00516,2022-12-09,150,335
PROD00516,2020-07-29,113,448
PROD00516,2024-04-29,128,576
PROD00516,2023-07-11,145,721
PROD00516,2023-05-10,0,721
PROD00517,2022-08-22,162,656
PROD00518,2021-04-20,181,192
PROD00518,2023-09-14,116,308
PROD00518,2022-06-16,166,474
PROD00518,2021-09-03,96,570
PROD00518,2024-08-10,159,729
PROD00519,2020-09-12,56,696
PROD00519,2023-01-13,164,860
PROD00519,2024-03-01,61,921
PROD00519,2023-06-03,26,947
PROD00519,2022-07-19,65,1012
PROD00520,2020-11-10,69,952
PROD00520,2020-05-24,159,1111
PROD00520,2024-03-24,38,1149
PROD00520,2024-01-14,132,1281
PROD00520,2021-11-30,187,1468
PROD00521,2021-07-11,146,579
PROD00521,2020-03-24,89,668
PROD00521,2022-02-20,78,746
PROD00521,2021-06-07,126,872
PROD00522,2020-08-19,39,959
PROD00522,2023-07-07,174,1133
PROD00522,2022-08-13,-2,1131
PROD00522,2022-05-22,94,1225
PROD00522,2023-04-13,48,1273
PROD00523,2020-12-10,12,219
PROD00523,2023-12-24,81,300
PROD00523,2023-11-17,98,398
PROD00524,2024-06-15,199,331
PROD00524,2022-09-24,132,463
PROD00524,2024-04-02,150,613
PROD00525,2021-08-19,21,359
PROD00525,2021-04-05,81,440
PROD00525,2022-12-06,126,566
PROD00525,2020-07-30,149,715
PROD00525,2020-06-30,-28,687
PROD00526,2024-02-07,-9,186
PROD00527,2023-05-20,143,404
PROD00527,2023-05-11,113,517
PROD00527,2022-01-12,155,672
PROD00527,2021-05-09,177,849
PROD00527,2023-09-23,99,948
PROD00528,2022-10-09,52,333
PROD00529,2023-12-07,100,468
PROD00529,2022-06-04,100,568
PROD00529,2022-05-13,90,658
PROD00529,2020-04-26,78,736
PROD00530,2023-07-30,160,262
PROD00530,2020-08-03,111,373
PROD00530,2024-04-25,-13,360
PROD00530,2021-07-27,101,461
PROD00530,2024-01-22,178,639
PROD00531,2024-02-09,18,649
PROD00532,2021-07-18,-23,159
PROD00532,2021-05-30,-50,109
PROD00532,2023-08-04,90,199
PROD00532,2022-11-06,0,199
PROD00533,2021-11-04,127,549
PROD00533,2022-05-09,187,736
PROD00533,2023-09-27,138,874
PROD00533,2021-05-29,5,879
PROD00534,2021-12-31,-30,0
PROD00534,2020-06-19,93,93
PROD00534,2020-01-27,7,100
PROD00534,2020-07-26,26,126
PROD00534,2023-12-31,92,218
PROD00535,2024-07-08,54,610
PROD00536,2022-09-21,193,436
PROD00536,2021-05-12,97,533
PROD00536,2023-04-14,61,594
PROD00536,2022-10-10,44,638
PROD00536,2021-03-29,181,819
PROD00537,2023-04-25,-28,753
PROD00537,2022-06-07,162,915
PROD00537,2023-09-25,60,975
PROD00537,2021-06-28,194,1169
PROD00537,2020-07-31,32,1201
PROD00538,2024-05-18,-31,592
PROD00539,2024-08-19,82,648
PROD00540,2023-12-22,62,454
PROD00540,2022-09-26,116,570
PROD00540,2023-02-22,-2,568
PROD00540,2023-05-27,-41,527
PROD00541,2023-03-04,104,630
PROD00541,2022-02-08,67,697
PROD00541,2023-05-27,79,776
PROD00541,2022-11-28,70,846
PROD00542,2023-09-29,33,69
PROD00542,2022-02-22,118,187
PROD00542,2020-03-27,0,187
PROD00542,2023-05-17,16,203
PROD00543,2020-08-08,138,315
PROD00544,2023-04-24,186,824
PROD00545,2024-06-13,155,783
PROD00545,2023-08-09,39,822
PROD00545,2020-07-20,189,1011
PROD00546,2023-03-24,-1,850
PROD00546,2020-07-13,57,907
PROD00546,2020-08-28,-15,892
PROD00547,2024-04-13,-14,57
PROD00547,2021-05-03,52,109
PROD00547,2022-01-08,53,162
PROD00547,2023-04-03,187,349
PROD00548,2023-10-09,-22,329
PROD00548,2023-12-23,14,343
PROD00548,2023-05-21,175,518
PROD00549,2022-05-13,84,706
PROD00549,2024-07-27,-42,664
PROD00549,2022-03-17,65,729
PROD00549,2024-01-11,30,759
PROD00549,2024-03-04,35,794
PROD00550,2020-03-22,182,330
PROD00550,2021-12-12,10,340
PROD00550,2023-08-18,81,421
PROD00551,2024-06-02,31,727
PROD00551,2022-06-20,-26,701
PROD00551,2022-08-01,-9,692
PROD00551,2023-03-20,160,852
PROD00551,2022-12-06,-2,850
PROD00552,2020-03-17,138,242
PROD00552,2022-03-27,29,271
PROD00552,2024-07-23,-41,230
PROD00552,2024-07-07,-10,220
PROD00552,2023-07-10,123,343
PROD00553,2024-03-04,190,848
PROD00554,2024-05-11,163,383
PROD00554,2022-06-03,146,529
PROD00554,2023-10-02,7,536
PROD00555,2020-02-22,-10,815
PROD00555,2021-03-18,-34,781
PROD00555,2023-03-07,3,784
PROD00555,2021-01-05,189,973
PROD00556,2020-02-19,60,922
PROD00556,2023-07-15,71,993
PROD00556,2021-11-04,141,1134
PROD00556,2020-07-21,41,1175
PROD00556,2021-08-21,-4,1171
PROD00557,2022-04-24,149,522
PROD00557,2024-06-30,74,596
PROD00558,2020-02-28,90,607
PROD00559,2024-02-02,72,331
PROD00559,2022-07-24,-1,330
PROD00559,2021-06-03,117,447
PROD00559,2022-01-04,7,454
PROD00560,2024-08-03,-19,279
PROD00561,2023-10-30,-6,854
PROD00561,2021-12-05,162,1016
PROD00562,2021-12-22,152,193
PROD00562,2021-05-24,22,215
PROD00562,2021-07-20,29,244
PROD00563,2022-07-02,179,949
PROD00563,2024-05-24,105,1054
PROD00563,2020-04-07,66,1120
PROD00563,2021-10-26,163,1283
PROD00563,2022-07-27,61,1344
PROD00564,2023-12-02,-48,848
PROD00564,2023-07-24,171,1019
PROD00564,2021-06-22,152,1171
PROD00564,2024-04-23,36,1207
PROD00565,2024-06-13,103,594
PROD00565,2020-11-24,103,697
PROD00565,2021-03-04,-32,665
PROD00565,2023-02-17,46,711
PROD00565,2024-04-27,162,873
PROD00566,2023-01-25,9,447
PROD00566,2023-08-20,165,612
PROD00566,2021-10-21,123,735
PROD00567,2024-02-25,198,980
PROD00567,2022-04-01,82,1062
PROD00567,2024-03-22,35,1097
PROD00568,2021-12-14,47,93
PROD00569,2024-05-18,190,274
PROD00569,2024-07-28,-10,264
PROD00570,2020-12-18,28,713
PROD00571,2022-10-20,53,110
PROD00571,2020-07-01,177,287
PROD00572,2021-11-14,124,1114
PROD00572,2021-12-21,88,1202
PROD00572,2023-06-16,145,1347
PROD00573,2023-01-07,170,880
PROD00573,2024-02-24,1,881
PROD00573,2024-07-06,55,936
PROD00574,2021-04-11,39,247
PROD00574,2021-10-10,108,355
PROD00575,2024-08-24,111,358
PROD00576,2021-09-18,-24,186
PROD00576,2020-07-26,26,212
PROD00576,2024-01-18,14,226
PROD00577,2020-07-04,179,217
PROD00577,2023-08-02,-38,179
PROD00578,2022-04-11,15,266
PROD00578,2021-10-02,57,323
PROD00579,2023-06-27,199,841
PROD00580,2022-10-15,-19,906
PROD00580,2023-08-02,25,931
PROD00581,2021-01-16,-12,790
PROD00581,2024-03-29,-18,772
PROD00581,2022-02-22,-15,757
PROD00581,2021-02-18,-30,727
PROD00582,2021-06-26,29,790
PROD00582,2023-12-19,91,881
PROD00582,2022-09-21,3,884
PROD00582,2021-12-19,89,973
PROD00582,2021-11-21,-16,957
PROD00583,2024-07-08,-31,921
PROD00583,2022-06-15,178,1099
PROD00583,2022-01-10,150,1249
PROD00584,2024-03-25,-34,378
PROD00584,2020-11-22,5,383
PROD00584,2020-12-11,109,492
PROD00585,2021-10-23,180,1125
PROD00585,2020-02-02,154,1279
PROD00585,2020-08-16,51,1330
PROD00585,2021-01-23,186,1516
PROD00586,2023-04-06,195,640
PROD00586,2021-09-27,41,681
PROD00586,2022-11-02,-29,652
PROD00587,2023-12-05,-40,11
PROD00587,2023-08-08,67,78
PROD00588,2023-02-21,197,570
PROD00589,2021-08-29,123,648
PROD00589,2024-03-29,-42,606
PROD00589,2023-02-20,116,722
PROD00589,2023-01-07,199,921
PROD00590,2020-12-30,176,1106
PROD00590,2022-03-26,22,1128
PROD00591,2023-06-20,-2,153
PROD00592,2023-11-25,27,980
PROD00592,2020-06-04,91,1071
PROD00593,2021-02-10,-39,502
PROD00594,2020-07-10,198,287
PROD00594,2020-07-04,191,478
PROD00594,2023-12-28,38,516
PROD00595,2023-05-09,180,1082
PROD00595,2023-09-20,176,1258
PROD00595,2022-04-08,152,1410
PROD00595,2021-06-23,-44,1366
PROD00595,2020-10-25,188,1554
PROD00596,2024-01-06,37,715
PROD00596,2021-11-27,188,903
PROD00596,2022-12-27,138,1041
PROD00596,2021-12-25,14,1055
PROD00597,2022-03-23,120,470
PROD00597,2020-09-29,-41,429
PROD00597,2022-02-27,-38,391
PROD00597,2020-07-31,12,403
PROD00598,2024-02-16,-20,48
PROD00598,2024-07-26,196,244
PROD00599,2024-06-23,24,186
PROD00599,2021-08-24,45,231
PROD00599,2023-06-10,100,331
PROD00600,2023-03-13,136,377
PROD00600,2020-06-17,43,420
PROD00600,2021-10-25,155,575
